iter	feval_cat	MAE
0	-87609.06171	4.579044944
1	-132434.3606	4.519328387
2	-132434.3606	4.519328366
3	-132434.3606	4.519328346
4	-132434.3606	4.519341384
5	-201362.9559	4.492827795
